{
  "name": "Map",
  "version": "1.1.0",
  "description": "",
  "attribution": "<a href=\"https://www.maptiler.com/engine/\">Rendered with MapTiler Engine</a>, non-commercial use only",
  "type": "overlay",
  "format": "png",
  "minzoom": "0",
  "maxzoom": "3",
  "scale": "1.000000",
  "profile": "custom",
  "crs": "RASTER",
  "extent": [0.00000000, -4096.00000000, 4096.00000000, 0.00000000],
  "tile_matrix": [
  {
    "id": "0",
    "tile_size": [512, 512],
    "origin": [0.00000000, 0.00000000],
    "extent": [0.00000000, -4096.00000000, 4096.00000000, 0.00000000],
    "pixel_size": [8.00000000, -8.00000000],
    "matrix_size": [1, 1],
    "scale_denominator": 28571.42857143
  },
  {
    "id": "1",
    "tile_size": [512, 512],
    "origin": [0.00000000, 0.00000000],
    "extent": [0.00000000, -4096.00000000, 4096.00000000, 0.00000000],
    "pixel_size": [4.00000000, -4.00000000],
    "matrix_size": [2, 2],
    "scale_denominator": 14285.71428571
  },
  {
    "id": "2",
    "tile_size": [512, 512],
    "origin": [0.00000000, 0.00000000],
    "extent": [0.00000000, -4096.00000000, 4096.00000000, 0.00000000],
    "pixel_size": [2.00000000, -2.00000000],
    "matrix_size": [4, 4],
    "scale_denominator": 7142.85714286
  },
  {
    "id": "3",
    "tile_size": [512, 512],
    "origin": [0.00000000, 0.00000000],
    "extent": [0.00000000, -4096.00000000, 4096.00000000, 0.00000000],
    "pixel_size": [1.00000000, -1.00000000],
    "matrix_size": [8, 8],
    "scale_denominator": 3571.42857143
  }
]
}
